Episode,Average Speed
1,0.37902295426860916
1,0.4901839565482148
2,0.48675893338904724
3,0.6574359179158042
4,0.4077807902808525
5,1.0016371945393476
6,0.4430464164664856
7,0.8032566529075116
8,0.5227208999256855
9,1.066889297105187
10,0.4652932773041565
11,0.3778543093414083
12,0.6282075794202092
13,0.6143225885510551
14,0.37594932702534145
15,0.7982222377027305
16,0.39732858648559854
17,0.4840757619673475
18,0.3981308681190521
19,0.5364932370484631
