Episode,Average Speed
1,0.023076923076923078
1,0.02277591973244147
1,0.022207357859531773
1,0.02096989966555184
